0,0.020644,0.023834,0.000000,0.013435,0.007236,0.000000,0.000000,0.120915,0.073811,0.000000,0.001376,0.000000,0.070425,0.003976,0.001221,0.076012,0.000000,0.000000,0.020059,0.027095,0.031989,0.002537,0.000000,0.030445,0.018821,0.000000,0.001041,0.058007,0.001716,0.000000,0.001048,0.004628,0.001277,0.001544,0.000000,0.000000,0.069311,0.000768,0.000000,0.067195,0.050479,0.000000,0.014287,0.046004,0.007237,0.062787,0.000602,0.060796,0.007442,0.000000
1,0.001418,0.005049,0.001848,0.020740,0.002489,0.000000,0.003695,0.150211,0.071041,0.000000,0.000000,0.020393,0.045962,0.003599,0.113312,0.058920,0.003248,0.005660,0.043650,0.027857,0.000810,0.000000,0.004853,0.000000,0.025489,0.000000,0.011019,0.045714,0.007366,0.000000,0.003102,0.006666,0.055940,0.001495,0.000000,0.046922,0.002715,0.025633,0.000000,0.001605,0.001103,0.008783,0.002187,0.054744,0.006472,0.059414,0.001611,0.002089,0.002974,0.042202
2,0.013852,0.001056,0.005230,0.001248,0.005242,0.007317,0.004840,0.114106,0.004821,0.015700,0.015664,0.000000,0.001669,0.002582,0.002606,0.090450,0.000000,0.000000,0.003676,0.033225,0.002548,0.000000,0.000000,0.000000,0.003752,0.000000,0.007426,0.079354,0.005886,0.000000,0.004635,0.000972,0.049796,0.000998,0.000000,0.000000,0.112394,0.007832,0.002422,0.001972,0.096028,0.000000,0.000000,0.067395,0.002034,0.138773,0.078223,0.001481,0.000000,0.012796
3,0.001278,0.020017,0.005654,0.000860,0.013396,0.000000,0.000000,0.079725,0.092301,0.011070,0.000000,0.030524,0.064509,0.000000,0.002418,0.050905,0.000000,0.000000,0.000952,0.057428,0.000000,0.000000,0.000698,0.000000,0.011133,0.002756,0.030542,0.032955,0.000000,0.000000,0.113999,0.010735,0.049818,0.001061,0.004343,0.000000,0.002761,0.005187,0.000000,0.062365,0.002254,0.000000,0.024596,0.035129,0.018038,0.063617,0.001639,0.080256,0.007259,0.007823
4,0.000670,0.021811,0.004973,0.021920,0.006510,0.020112,0.008748,0.061796,0.046026,0.000000,0.011388,0.002002,0.048870,0.004597,0.044997,0.070076,0.002750,0.002326,0.024351,0.000000,0.000000,0.000000,0.000000,0.004406,0.008479,0.039609,0.000000,0.001310,0.000000,0.010750,0.004081,0.001463,0.060208,0.064472,0.003119,0.002741,0.002620,0.005153,0.000000,0.060396,0.061735,0.006909,0.005025,0.037010,0.007061,0.103052,0.002415,0.072123,0.001077,0.030864
5,0.067073,0.023596,0.004126,0.032824,0.004264,0.005997,0.000000,0.078173,0.119544,0.008329,0.000000,0.000000,0.001501,0.000000,0.001509,0.002881,0.000000,0.000000,0.084625,0.005489,0.001216,0.000000,0.000000,0.018948,0.009600,0.000000,0.015522,0.042057,0.001229,0.000000,0.002122,0.000000,0.002288,0.050317,0.000000,0.006841,0.001974,0.000000,0.000000,0.001668,0.088455,0.007140,0.012231,0.058534,0.000894,0.106427,0.016208,0.090645,0.000000,0.025753
6,0.041588,0.010807,0.000000,0.041854,0.004030,0.000000,0.000000,0.001160,0.002706,0.004122,0.006131,0.004478,0.056337,0.004295,0.001686,0.065862,0.001026,0.000000,0.055539,0.000000,0.002365,0.000000,0.000000,0.000000,0.000000,0.000000,0.003327,0.014035,0.000000,0.000000,0.112838,0.003970,0.054745,0.043930,0.000000,0.010847,0.001721,0.004212,0.000000,0.078757,0.050111,0.003340,0.014096,0.000806,0.023777,0.103442,0.079055,0.085317,0.007122,0.000567
7,0.067737,0.000000,0.009743,0.022029,0.037796,0.000000,0.002237,0.011436,0.004036,0.001124,0.010205,0.001635,0.082521,0.005510,0.117719,0.001617,0.001329,0.002636,0.002565,0.048924,0.000000,0.004880,0.007048,0.000000,0.017316,0.000000,0.000000,0.001177,0.001473,0.012238,0.002438,0.004950,0.002132,0.098619,0.018286,0.020196,0.002670,0.003331,0.000000,0.002159,0.002646,0.017550,0.017360,0.075218,0.000736,0.007186,0.137261,0.093439,0.017646,0.001244
8,0.067019,0.000831,0.005595,0.014009,0.000919,0.000000,0.009813,0.083838,0.002440,0.000000,0.036020,0.000000,0.010777,0.000000,0.002446,0.002789,0.002943,0.004126,0.001741,0.001293,0.043157,0.000000,0.000000,0.050651,0.003929,0.002351,0.002634,0.002083,0.008865,0.015491,0.112773,0.000000,0.062539,0.056396,0.000000,0.015889,0.084529,0.000000,0.007254,0.065105,0.002435,0.016741,0.011319,0.068788,0.000797,0.077871,0.034195,0.001112,0.004869,0.001633
9,0.063364,0.000000,0.003112,0.007880,0.000000,0.051990,0.000000,0.012864,0.003695,0.000000,0.001183,0.002330,0.065492,0.000000,0.051552,0.079036,0.000000,0.000000,0.091388,0.079233,0.000000,0.000000,0.001165,0.000713,0.000000,0.000000,0.000000,0.002599,0.000955,0.000000,0.091244,0.017968,0.000918,0.028853,0.000000,0.000000,0.001394,0.000000,0.001773,0.087486,0.001370,0.012048,0.008882,0.035907,0.020934,0.112725,0.000815,0.057937,0.001194,0.000000
10,0.012787,0.009112,0.003468,0.026032,0.013968,0.000000,0.012734,0.001778,0.001734,0.000000,0.000000,0.000000,0.057058,0.000000,0.097675,0.058849,0.003458,0.000000,0.003004,0.047827,0.004833,0.000831,0.000000,0.040894,0.000000,0.016230,0.014626,0.002326,0.004492,0.002681,0.134732,0.000000,0.028649,0.000841,0.002017,0.037875,0.004182,0.000000,0.000000,0.001436,0.087617,0.011764,0.000930,0.001119,0.046534,0.100874,0.071550,0.018947,0.001673,0.012863
11,0.063312,0.007207,0.009103,0.001570,0.013704,0.001822,0.008547,0.073788,0.121934,0.000000,0.000974,0.000000,0.001445,0.000000,0.001907,0.068426,0.001183,0.000000,0.087318,0.026100,0.000000,0.000000,0.000000,0.004665,0.000000,0.000846,0.007063,0.082236,0.000000,0.000000,0.001357,0.000000,0.000724,0.002000,0.001713,0.000914,0.089753,0.000000,0.000000,0.070806,0.090169,0.000000,0.006250,0.001609,0.032398,0.068634,0.039626,0.001597,0.000000,0.009300
12,0.010814,0.009825,0.005736,0.037358,0.012226,0.021475,0.002287,0.076199,0.001060,0.000000,0.020352,0.000000,0.055472,0.000000,0.032264,0.094487,0.000000,0.000000,0.051595,0.058876,0.008213,0.000000,0.006476,0.000835,0.000000,0.000000,0.000890,0.050180,0.000000,0.000000,0.002537,0.011446,0.057443,0.041887,0.002143,0.002286,0.069802,0.010332,0.010344,0.050193,0.075838,0.000000,0.003890,0.001060,0.001237,0.068341,0.015309,0.000000,0.000000,0.019290
13,0.001435,0.012732,0.000000,0.046057,0.021124,0.004135,0.000000,0.074486,0.112111,0.008950,0.001681,0.039362,0.001435,0.004035,0.115238,0.072811,0.003149,0.000000,0.029264,0.031534,0.000945,0.000000,0.000000,0.006180,0.000000,0.000000,0.048814,0.084626,0.007411,0.000000,0.109267,0.000000,0.011100,0.000829,0.001722,0.000000,0.010813,0.006969,0.000000,0.086870,0.001929,0.004671,0.000000,0.023335,0.000000,0.002782,0.002802,0.001556,0.001152,0.006689
14,0.038329,0.015527,0.000000,0.000681,0.002847,0.014577,0.005599,0.061295,0.079397,0.002067,0.002747,0.001510,0.001276,0.000000,0.086631,0.046863,0.001782,0.000000,0.000739,0.041387,0.020629,0.000000,0.006513,0.036270,0.000000,0.000000,0.029757,0.069663,0.001350,0.000000,0.089705,0.009259,0.027671,0.042428,0.002493,0.000000,0.064742,0.000000,0.011806,0.063817,0.081003,0.000000,0.000641,0.001394,0.000855,0.023920,0.000909,0.000941,0.001237,0.009741
15,0.026894,0.000000,0.000000,0.051348,0.003598,0.021657,0.000000,0.098571,0.083845,0.020214,0.013569,0.009679,0.058860,0.000000,0.051428,0.002313,0.003775,0.001703,0.012744,0.001770,0.041674,0.000000,0.000000,0.023148,0.016276,0.012176,0.000913,0.107065,0.000000,0.002880,0.003101,0.000000,0.075319,0.056173,0.001078,0.003025,0.003083,0.000000,0.000000,0.097111,0.001277,0.000000,0.018859,0.023256,0.018630,0.002272,0.000900,0.002274,0.000000,0.027542
16,0.088817,0.014511,0.002382,0.070515,0.040627,0.028559,0.000000,0.052874,0.003747,0.007191,0.000000,0.022546,0.063139,0.000000,0.129657,0.001770,0.000000,0.002448,0.001132,0.042292,0.010934,0.000000,0.009580,0.000000,0.004625,0.000000,0.000000,0.091647,0.005297,0.003047,0.007908,0.003787,0.001797,0.001234,0.001368,0.001233,0.114241,0.041117,0.000000,0.001848,0.002844,0.000000,0.000000,0.005547,0.005921,0.036046,0.040670,0.002298,0.008617,0.026188
17,0.001582,0.000686,0.000000,0.001239,0.014138,0.000636,0.000000,0.096445,0.087758,0.000819,0.013235,0.004791,0.060115,0.004909,0.001995,0.104016,0.000000,0.001281,0.039308,0.064431,0.017144,0.000000,0.000718,0.017722,0.003142,0.006776,0.003439,0.002098,0.005103,0.004491,0.001905,0.000000,0.058156,0.000818,0.000724,0.011705,0.001695,0.002427,0.000000,0.054261,0.079723,0.012315,0.008533,0.004101,0.000554,0.056344,0.048981,0.066237,0.001761,0.031742
18,0.001220,0.035537,0.000000,0.000666,0.000000,0.000000,0.003229,0.083627,0.096818,0.001834,0.000763,0.000000,0.001473,0.009636,0.002765,0.001760,0.000000,0.000000,0.081855,0.000867,0.015477,0.004212,0.005188,0.044521,0.000000,0.019881,0.022905,0.059611,0.018041,0.024958,0.002577,0.000000,0.001850,0.049760,0.002410,0.000000,0.002008,0.012198,0.009960,0.001613,0.001788,0.012991,0.014985,0.059938,0.001112,0.026603,0.142855,0.070576,0.000000,0.049930
19,0.038009,0.008430,0.002746,0.006816,0.000000,0.002147,0.000000,0.000979,0.001609,0.002434,0.000699,0.000000,0.001080,0.006756,0.070455,0.122399,0.000000,0.000000,0.084150,0.000000,0.010402,0.000000,0.001369,0.000718,0.003261,0.000775,0.000000,0.001283,0.000750,0.005827,0.102081,0.014313,0.061482,0.001482,0.003914,0.000000,0.122076,0.003027,0.019355,0.071151,0.001407,0.006529,0.026523,0.051273,0.009114,0.067043,0.001150,0.059275,0.004957,0.000756
20,0.011318,0.000858,0.000000,0.028669,0.023272,0.007196,0.007451,0.067857,0.005486,0.000000,0.013329,0.000000,0.066071,0.000000,0.110003,0.002151,0.001421,0.000972,0.036373,0.000000,0.000756,0.000000,0.000000,0.020174,0.001234,0.003459,0.001234,0.091364,0.000000,0.003362,0.002411,0.002874,0.001908,0.000000,0.000000,0.006021,0.129540,0.000000,0.000000,0.001504,0.076706,0.000000,0.018849,0.001428,0.030146,0.120462,0.002403,0.068519,0.006355,0.026862
21,0.000000,0.016830,0.003383,0.054900,0.006125,0.000000,0.003976,0.001011,0.116306,0.000000,0.001526,0.000000,0.001455,0.000000,0.057176,0.001825,0.000000,0.000000,0.024248,0.043363,0.005663,0.000000,0.000919,0.029261,0.014754,0.000000,0.012321,0.035289,0.001566,0.012102,0.098725,0.000000,0.001999,0.038401,0.000000,0.004409,0.097336,0.033690,0.000000,0.038080,0.078424,0.008323,0.000000,0.004303,0.001695,0.002582,0.052588,0.052094,0.003582,0.039770
22,0.001409,0.004056,0.002732,0.052070,0.007032,0.004179,0.000000,0.003350,0.065725,0.000000,0.001153,0.000000,0.053576,0.013473,0.002423,0.002024,0.000000,0.000000,0.048940,0.066639,0.011468,0.000000,0.000000,0.000000,0.000695,0.000000,0.000784,0.005554,0.002029,0.008247,0.091468,0.025638,0.053559,0.001885,0.000947,0.000000,0.101304,0.006251,0.000000,0.004033,0.053203,0.000000,0.012044,0.060775,0.048234,0.110751,0.002609,0.062191,0.001657,0.005892
23,0.001094,0.012619,0.002327,0.000858,0.000000,0.000000,0.001233,0.000000,0.094643,0.000849,0.000683,0.000000,0.001406,0.000000,0.067898,0.075016,0.000000,0.000000,0.057037,0.000000,0.016971,0.000000,0.000000,0.000602,0.000000,0.003511,0.002281,0.063042,0.004390,0.008671,0.077756,0.000000,0.055744,0.001770,0.000000,0.000000,0.068772,0.000000,0.000000,0.073050,0.084540,0.000000,0.001821,0.029420,0.000712,0.062814,0.076604,0.020985,0.003864,0.027020
24,0.076711,0.031080,0.001393,0.001273,0.005530,0.024997,0.002962,0.065890,0.103629,0.000934,0.000000,0.005455,0.015952,0.000000,0.079046,0.099050,0.000000,0.000000,0.001381,0.001367,0.000000,0.000000,0.001549,0.025899,0.003921,0.002272,0.000000,0.000871,0.000000,0.005828,0.001366,0.000000,0.089516,0.088183,0.000000,0.007003,0.119887,0.005971,0.000000,0.070261,0.004567,0.015364,0.000000,0.001741,0.000836,0.002797,0.032725,0.002795,0.000000,0.000000
25,0.000000,0.025953,0.001144,0.009711,0.000000,0.000000,0.011152,0.102600,0.098100,0.002036,0.001342,0.000000,0.001231,0.000000,0.022365,0.101460,0.000000,0.001972,0.071284,0.021041,0.000000,0.000000,0.000000,0.000548,0.007454,0.007006,0.000000,0.032614,0.006273,0.000781,0.087056,0.000000,0.000905,0.051354,0.002663,0.000969,0.001367,0.001747,0.010722,0.047655,0.001386,0.003256,0.014904,0.001374,0.000573,0.125988,0.044386,0.076990,0.000638,0.000000
26,0.001566,0.025930,0.010370,0.041467,0.000000,0.000000,0.004201,0.016015,0.105397,0.001466,0.001067,0.004953,0.020502,0.000000,0.098851,0.127685,0.000000,0.000995,0.081230,0.001805,0.000000,0.000000,0.000000,0.038970,0.001238,0.001335,0.000000,0.007602,0.000000,0.003997,0.087517,0.000000,0.079940,0.038496,0.000000,0.000000,0.002785,0.008280,0.000000,0.001656,0.008548,0.000000,0.001371,0.007345,0.089594,0.004007,0.013286,0.042694,0.011077,0.006763
27,0.054315,0.012908,0.004793,0.021690,0.000000,0.002553,0.000000,0.001777,0.122949,0.000000,0.010874,0.002760,0.001630,0.000000,0.108607,0.003480,0.000000,0.003251,0.091475,0.000000,0.010935,0.000000,0.000000,0.016133,0.003533,0.008992,0.000853,0.076553,0.000912,0.000868,0.075126,0.000000,0.001307,0.049081,0.000000,0.013827,0.003272,0.002291,0.002989,0.093108,0.088331,0.000000,0.008943,0.001096,0.003013,0.057927,0.001899,0.034559,0.001391,0.000000
28,0.002006,0.010104,0.006636,0.002514,0.000000,0.009265,0.012103,0.028738,0.001882,0.004359,0.001837,0.002184,0.054707,0.001968,0.106189,0.006751,0.002849,0.003338,0.001129,0.002042,0.032130,0.000000,0.000000,0.000000,0.000000,0.010625,0.000000,0.000863,0.000000,0.000000,0.142668,0.010702,0.103154,0.052627,0.000000,0.000000,0.110222,0.011502,0.000000,0.037294,0.071023,0.000000,0.020612,0.000822,0.000000,0.042389,0.001895,0.056143,0.008173,0.026552
29,0.023407,0.020324,0.003290,0.043397,0.003066,0.015298,0.000000,0.001969,0.075501,0.002282,0.000000,0.000000,0.050150,0.000000,0.052126,0.058654,0.001345,0.000000,0.048987,0.019139,0.009992,0.000000,0.007138,0.043841,0.001173,0.000000,0.027184,0.063980,0.000000,0.000000,0.077061,0.000870,0.030110,0.012111,0.003450,0.000000,0.003445,0.001075,0.000000,0.109861,0.060308,0.000000,0.000929,0.044746,0.002181,0.043597,0.023291,0.005029,0.000000,0.009694
30,0.000000,0.015217,0.003585,0.006469,0.000000,0.004149,0.001734,0.065972,0.106142,0.002535,0.000836,0.002653,0.076380,0.000000,0.084478,0.081721,0.002173,0.002829,0.051688,0.000798,0.000964,0.000000,0.000000,0.040178,0.003113,0.000000,0.002005,0.040715,0.000705,0.003218,0.003667,0.000000,0.054946,0.000946,0.000000,0.008461,0.091968,0.004054,0.000000,0.020560,0.061394,0.015997,0.015754,0.013518,0.001715,0.001961,0.063207,0.002319,0.001337,0.037939
31,0.038942,0.010777,0.000000,0.001504,0.004543,0.024595,0.010927,0.001232,0.087539,0.022255,0.001844,0.002901,0.060788,0.000000,0.091808,0.076953,0.000000,0.002634,0.058454,0.042216,0.003168,0.000000,0.000000,0.053938,0.003858,0.023836,0.004885,0.000915,0.000000,0.000000,0.002790,0.000000,0.027433,0.041975,0.000000,0.024283,0.003751,0.017520,0.000000,0.002358,0.072404,0.002572,0.000000,0.001373,0.056642,0.002127,0.001657,0.088837,0.018068,0.005699
32,0.036006,0.024829,0.000000,0.015159,0.015726,0.007688,0.002420,0.023229,0.061847,0.000000,0.003120,0.005111,0.001179,0.000000,0.066799,0.002366,0.000000,0.000000,0.062603,0.001660,0.001881,0.000000,0.000967,0.000000,0.008472,0.007480,0.020058,0.056283,0.000000,0.001216,0.083272,0.000000,0.040546,0.001433,0.015787,0.000000,0.079613,0.000000,0.000000,0.110951,0.002415,0.000000,0.010952,0.043083,0.023791,0.029565,0.030665,0.043565,0.000000,0.058261
33,0.071470,0.000000,0.006442,0.028025,0.016240,0.007296,0.008835,0.001860,0.003378,0.007111,0.000000,0.001771,0.065695,0.000000,0.100931,0.002171,0.000000,0.000000,0.051182,0.000000,0.000000,0.000000,0.000000,0.017268,0.000000,0.007710,0.003604,0.096975,0.003053,0.000000,0.136047,0.017779,0.001481,0.049966,0.000000,0.001369,0.112421,0.010561,0.001306,0.001841,0.001579,0.026841,0.035479,0.000931,0.017914,0.043362,0.001658,0.002239,0.000000,0.036210
34,0.056423,0.000680,0.002718,0.042276,0.014852,0.018978,0.007617,0.000761,0.067264,0.000000,0.006050,0.000000,0.078018,0.000000,0.053271,0.003615,0.000000,0.000000,0.000963,0.012806,0.011666,0.000645,0.001778,0.035551,0.000000,0.007605,0.000000,0.074711,0.000000,0.000000,0.058102,0.009933,0.042081,0.056111,0.003587,0.000815,0.005371,0.006372,0.000000,0.104784,0.051367,0.010259,0.000000,0.056553,0.000000,0.002662,0.001786,0.091970,0.000000,0.000000
35,0.037215,0.014275,0.000000,0.024642,0.008904,0.000000,0.007093,0.120931,0.001826,0.000000,0.003142,0.001719,0.073342,0.000000,0.053551,0.071754,0.002195,0.002259,0.044097,0.060146,0.020475,0.000000,0.003217,0.046622,0.000000,0.034262,0.014205,0.031230,0.000000,0.009965,0.002701,0.015772,0.001018,0.056308,0.000000,0.000000,0.005876,0.000000,0.004481,0.005134,0.054767,0.000000,0.000000,0.056810,0.000000,0.001342,0.066545,0.038794,0.000000,0.003387
36,0.061142,0.000000,0.009117,0.001415,0.000000,0.004077,0.000000,0.001680,0.006093,0.000000,0.008411,0.002220,0.098504,0.009353,0.046703,0.084874,0.000000,0.000000,0.001327,0.037978,0.000000,0.000000,0.004462,0.000000,0.004882,0.000000,0.000000,0.049205,0.000000,0.007105,0.002551,0.013757,0.038456,0.001655,0.000000,0.000000,0.146161,0.016310,0.000900,0.129031,0.068478,0.002350,0.013338,0.001677,0.012712,0.003410,0.001837,0.108831,0.000000,0.000000
37,0.001512,0.000000,0.009678,0.051070,0.000000,0.000000,0.005861,0.011360,0.075204,0.000000,0.000000,0.001933,0.059318,0.005736,0.075261,0.030238,0.000000,0.000000,0.001455,0.001547,0.000842,0.000000,0.000000,0.035076,0.032314,0.003416,0.001441,0.001373,0.003582,0.001850,0.076388,0.000000,0.080066,0.012140,0.000000,0.004120,0.003546,0.000000,0.000000,0.102625,0.037549,0.007137,0.004802,0.066009,0.030257,0.002478,0.083853,0.021508,0.000000,0.057457
38,0.066823,0.008616,0.008849,0.001580,0.000000,0.049373,0.001027,0.001503,0.043607,0.002833,0.004808,0.006227,0.070894,0.005117,0.003097,0.001403,0.002786,0.000000,0.000775,0.082133,0.021101,0.000000,0.000000,0.012710,0.030209,0.000000,0.006947,0.001987,0.015151,0.015275,0.056067,0.002934,0.064228,0.052339,0.000000,0.000000,0.116348,0.008968,0.000000,0.076358,0.060246,0.014960,0.003323,0.000805,0.001023,0.001909,0.069609,0.001408,0.004645,0.000000
39,0.076948,0.000000,0.002000,0.001321,0.008422,0.002366,0.012811,0.001822,0.056975,0.001205,0.010130,0.020020,0.085049,0.000000,0.002011,0.002785,0.000000,0.002561,0.065468,0.002060,0.000000,0.000000,0.001274,0.062317,0.000000,0.000885,0.000000,0.008226,0.002761,0.000000,0.141144,0.000000,0.106133,0.001979,0.000000,0.003212,0.106921,0.000000,0.000000,0.111755,0.002233,0.000000,0.040217,0.004911,0.024048,0.022595,0.002018,0.000000,0.002109,0.001305
40,0.046031,0.013776,0.003522,0.059188,0.000000,0.023971,0.003253,0.000988,0.008329,0.000000,0.000000,0.000000,0.078345,0.000000,0.003559,0.072924,0.000000,0.000000,0.001489,0.000685,0.040002,0.000000,0.004120,0.009096,0.000914,0.007331,0.000000,0.061922,0.000000,0.002763,0.093766,0.016029,0.001645,0.026213,0.000000,0.008214,0.092355,0.010533,0.000000,0.020638,0.066562,0.015252,0.000000,0.057888,0.001175,0.002198,0.002100,0.134435,0.007959,0.000830
41,0.036720,0.002860,0.000000,0.001091,0.011682,0.013357,0.000768,0.062967,0.052629,0.007794,0.002966,0.005070,0.077595,0.012151,0.069234,0.071404,0.000000,0.000000,0.001078,0.006903,0.042728,0.000000,0.000000,0.000000,0.000000,0.000000,0.002433,0.000832,0.005110,0.007799,0.099504,0.015973,0.000696,0.036185,0.000000,0.002894,0.002142,0.000000,0.000000,0.091677,0.001696,0.000000,0.018308,0.088104,0.001630,0.078504,0.000676,0.055353,0.010659,0.000832
42,0.036062,0.014633,0.001580,0.031320,0.002949,0.009223,0.000853,0.075687,0.067226,0.000000,0.010584,0.000000,0.085836,0.007814,0.003079,0.092076,0.001700,0.000000,0.001134,0.001241,0.005266,0.000000,0.000813,0.000000,0.000000,0.000000,0.005846,0.006777,0.000000,0.000000,0.004433,0.003470,0.064845,0.065341,0.000000,0.000000,0.100024,0.004548,0.000000,0.001965,0.001960,0.000000,0.017489,0.000941,0.000000,0.076667,0.087995,0.082266,0.000812,0.025543
43,0.000000,0.004874,0.000000,0.001092,0.007219,0.008969,0.007933,0.014419,0.121866,0.003172,0.000000,0.019733,0.001839,0.003018,0.002331,0.062257,0.000000,0.005907,0.074773,0.002072,0.005540,0.000000,0.000000,0.050305,0.022936,0.002485,0.035298,0.002069,0.000000,0.002885,0.120971,0.000000,0.002228,0.001016,0.001005,0.000000,0.122998,0.000000,0.000000,0.029803,0.096984,0.000000,0.015516,0.001604,0.026832,0.046519,0.001002,0.069658,0.000000,0.000874
44,0.057737,0.025435,0.003789,0.047298,0.000000,0.023673,0.000000,0.070370,0.002034,0.008616,0.000000,0.001457,0.058099,0.000000,0.079541,0.065442,0.000000,0.000000,0.001631,0.046481,0.009064,0.000000,0.001062,0.026350,0.002799,0.000000,0.003192,0.001227,0.000000,0.000000,0.046616,0.015829,0.015079,0.026615,0.000000,0.000695,0.090924,0.008738,0.000000,0.045761,0.002070,0.007384,0.008990,0.033305,0.000849,0.077537,0.081948,0.002363,0.000000,0.000000
45,0.056402,0.013013,0.000901,0.024076,0.002969,0.000000,0.005838,0.070920,0.059881,0.004916,0.001211,0.000000,0.001905,0.000000,0.074238,0.002172,0.002566,0.000000,0.070598,0.051994,0.008988,0.000000,0.000863,0.000000,0.003192,0.031415,0.000000,0.042116,0.000000,0.009214,0.094365,0.017694,0.001824,0.001807,0.000000,0.002605,0.091253,0.008502,0.000988,0.005288,0.001481,0.014203,0.010226,0.065041,0.042899,0.002361,0.001587,0.067007,0.000000,0.031481
46,0.051407,0.023364,0.000000,0.027786,0.009170,0.005128,0.018949,0.031970,0.091377,0.000000,0.002930,0.041539,0.080240,0.002610,0.002599,0.071643,0.000000,0.005286,0.002553,0.000931,0.004420,0.000000,0.007518,0.030182,0.000000,0.000741,0.003578,0.001934,0.000618,0.000000,0.121196,0.000000,0.001830,0.033142,0.000000,0.011650,0.088272,0.005913,0.001923,0.001704,0.001375,0.009009,0.036709,0.045236,0.002923,0.000708,0.082268,0.001805,0.004150,0.031713
47,0.004590,0.003857,0.000000,0.015444,0.024554,0.021542,0.005348,0.000774,0.003425,0.000000,0.004693,0.000000,0.088474,0.004995,0.001683,0.054732,0.002664,0.000000,0.001755,0.001049,0.004045,0.000000,0.008078,0.000985,0.015696,0.010004,0.037889,0.013952,0.006350,0.001329,0.002016,0.002941,0.058577,0.049551,0.000000,0.000000,0.080694,0.004776,0.000000,0.094370,0.091209,0.000000,0.003244,0.073523,0.000000,0.151618,0.019097,0.001842,0.004476,0.024159
48,0.035861,0.008521,0.000000,0.000000,0.000000,0.006626,0.000000,0.038452,0.042344,0.000000,0.022738,0.005972,0.051491,0.000000,0.048969,0.070042,0.002454,0.002025,0.000790,0.006232,0.028911,0.002547,0.001787,0.023632,0.000000,0.005083,0.005047,0.000768,0.002186,0.000970,0.002788,0.000000,0.049157,0.080059,0.000000,0.000000,0.071539,0.003477,0.006050,0.054673,0.002354,0.000000,0.000000,0.044701,0.003871,0.135791,0.080501,0.051592,0.000000,0.000000
49,0.063500,0.000516,0.000000,0.036788,0.007148,0.010050,0.003585,0.091644,0.057921,0.002343,0.030336,0.000000,0.056697,0.000000,0.074504,0.000962,0.002896,0.001825,0.067857,0.014909,0.034072,0.000681,0.006675,0.011748,0.000000,0.000000,0.004569,0.001106,0.009346,0.000000,0.002063,0.009353,0.000809,0.067200,0.002741,0.018549,0.006654,0.000000,0.005275,0.053507,0.053247,0.001891,0.000000,0.001235,0.001251,0.094184,0.030238,0.045566,0.009474,0.005085
50,0.001094,0.012617,0.001938,0.025870,0.006291,0.000567,0.003393,0.000000,0.091710,0.000000,0.026036,0.005682,0.064636,0.002941,0.063876,0.051947,0.002270,0.000000,0.043629,0.066172,0.000791,0.000000,0.000000,0.000000,0.002541,0.000000,0.002981,0.033233,0.001288,0.000000,0.085483,0.001280,0.001511,0.001187,0.000964,0.039265,0.003200,0.003649,0.000000,0.001589,0.075593,0.006301,0.000000,0.049963,0.016660,0.125473,0.057899,0.015420,0.002476,0.000583
51,0.048229,0.029373,0.001947,0.034261,0.002741,0.008204,0.012204,0.002363,0.001152,0.003830,0.004135,0.013617,0.047914,0.000901,0.130027,0.002222,0.000000,0.000000,0.080678,0.074371,0.004708,0.000860,0.000000,0.000000,0.000000,0.007233,0.000000,0.001178,0.000000,0.001033,0.115918,0.007950,0.001725,0.028952,0.000817,0.002605,0.103819,0.000000,0.000000,0.002527,0.064192,0.024053,0.004854,0.028976,0.024880,0.032283,0.004390,0.017017,0.003134,0.018727
52,0.011004,0.020823,0.000000,0.037364,0.000000,0.000000,0.000000,0.037618,0.075672,0.001571,0.000000,0.001762,0.001147,0.001976,0.070849,0.044267,0.001242,0.000000,0.001270,0.025466,0.010359,0.000000,0.001445,0.020178,0.000735,0.000000,0.000000,0.000895,0.002922,0.000000,0.069836,0.003800,0.049022,0.044151,0.000000,0.017947,0.082224,0.005658,0.000000,0.060798,0.067259,0.003197,0.001999,0.027506,0.005510,0.069542,0.075886,0.045520,0.000903,0.000676
53,0.032023,0.015098,0.000000,0.000674,0.002231,0.003707,0.000000,0.063205,0.001474,0.000000,0.000000,0.000000,0.070114,0.000000,0.101561,0.035675,0.000675,0.001975,0.001098,0.037816,0.002881,0.000000,0.002891,0.016167,0.002859,0.013445,0.003294,0.037591,0.011828,0.000752,0.098576,0.008898,0.058933,0.000935,0.000616,0.000000,0.001606,0.010308,0.000000,0.049962,0.075622,0.005776,0.000000,0.010355,0.000000,0.097082,0.015302,0.084663,0.022335,0.000000
54,0.000000,0.019662,0.002520,0.001001,0.004864,0.015124,0.000000,0.132683,0.001548,0.001831,0.000825,0.007484,0.062459,0.000000,0.082271,0.102479,0.000683,0.000000,0.042720,0.029732,0.009064,0.000000,0.000000,0.008852,0.000805,0.000000,0.021009,0.009456,0.000000,0.000000,0.128725,0.002789,0.081128,0.001032,0.008181,0.040970,0.001842,0.014861,0.003843,0.000921,0.002830,0.006402,0.000725,0.044676,0.002422,0.002306,0.013228,0.065552,0.020493,0.000000
55,0.056174,0.000000,0.000000,0.013541,0.000000,0.005022,0.008111,0.150892,0.071363,0.000000,0.014760,0.000000,0.012768,0.000000,0.007892,0.064523,0.000000,0.000000,0.025210,0.027875,0.000000,0.000000,0.000000,0.000000,0.000597,0.001424,0.003504,0.026972,0.000000,0.000842,0.084437,0.003274,0.026600,0.029351,0.001484,0.000692,0.093756,0.006492,0.000000,0.082842,0.072888,0.000000,0.022390,0.001000,0.000000,0.002556,0.044066,0.001301,0.000000,0.035401
56,0.001392,0.002996,0.000877,0.000786,0.014016,0.000000,0.005463,0.107587,0.108129,0.000000,0.000000,0.000000,0.077734,0.000000,0.002279,0.001831,0.000000,0.000000,0.021488,0.001076,0.040074,0.000000,0.000000,0.000734,0.001379,0.000000,0.004063,0.080315,0.001387,0.001141,0.002713,0.000000,0.001284,0.054437,0.000000,0.000000,0.096126,0.013395,0.006931,0.001196,0.050862,0.000000,0.007435,0.039705,0.000762,0.072822,0.078415,0.068549,0.003020,0.027602
57,0.031196,0.009258,0.000630,0.051288,0.005937,0.000000,0.000000,0.002184,0.086521,0.000000,0.002330,0.000000,0.039694,0.000000,0.062071,0.091832,0.002119,0.000000,0.066000,0.000000,0.030043,0.000000,0.000000,0.014363,0.004570,0.003855,0.000811,0.066532,0.000000,0.000000,0.002741,0.004430,0.000705,0.000706,0.000000,0.004980,0.079629,0.003721,0.000000,0.055300,0.082277,0.003077,0.023408,0.001315,0.000604,0.081409,0.000000,0.080806,0.000000,0.003661
58,0.068687,0.004217,0.008427,0.000838,0.013669,0.010932,0.000000,0.036784,0.116946,0.000000,0.007672,0.035406,0.075482,0.000000,0.002410,0.002193,0.000871,0.001730,0.001446,0.036219,0.026155,0.000000,0.002786,0.015063,0.005024,0.000000,0.005823,0.048130,0.000000,0.010867,0.005872,0.000000,0.026558,0.001764,0.000000,0.000813,0.104664,0.011404,0.000000,0.090264,0.056985,0.000000,0.001014,0.032446,0.000000,0.001756,0.015948,0.111967,0.000000,0.000767
59,0.062115,0.030646,0.000000,0.001208,0.015634,0.000812,0.014022,0.006786,0.111722,0.000000,0.004000,0.007185,0.003471,0.005656,0.049945,0.004981,0.001737,0.003397,0.059325,0.047916,0.000000,0.001815,0.000000,0.000954,0.025549,0.007926,0.033245,0.067302,0.000000,0.019005,0.108391,0.008080,0.013501,0.001277,0.000000,0.004035,0.005958,0.000000,0.000000,0.102616,0.001386,0.007804,0.019380,0.000849,0.021468,0.085515,0.020675,0.002568,0.010142,0.000000
60,0.034266,0.017861,0.000000,0.044940,0.000000,0.011077,0.002271,0.104003,0.002807,0.007818,0.000837,0.000000,0.001090,0.000954,0.105415,0.073258,0.002753,0.004116,0.001822,0.029742,0.000853,0.000000,0.000000,0.047822,0.001372,0.000000,0.001088,0.002623,0.000000,0.004266,0.089737,0.001226,0.053091,0.000800,0.000000,0.000000,0.090539,0.000000,0.000000,0.001710,0.085827,0.006543,0.000967,0.038872,0.000746,0.045769,0.031990,0.022447,0.000000,0.026682
61,0.005058,0.000940,0.002620,0.014374,0.005754,0.007990,0.016962,0.150136,0.001427,0.000992,0.033664,0.000000,0.082414,0.005606,0.002674,0.086169,0.000000,0.002633,0.014531,0.059717,0.000000,0.000000,0.000000,0.000000,0.000000,0.011897,0.033909,0.015373,0.003643,0.019379,0.001910,0.003241,0.064541,0.076715,0.000957,0.017575,0.002112,0.009392,0.015192,0.054339,0.059432,0.008276,0.000000,0.000981,0.000000,0.037822,0.002009,0.001648,0.000000,0.065996
62,0.072447,0.000863,0.006069,0.018346,0.000000,0.027532,0.018288,0.001577,0.079673,0.004405,0.007824,0.053915,0.011922,0.003873,0.003593,0.002960,0.002202,0.000000,0.101199,0.000000,0.000803,0.000000,0.005548,0.027659,0.002659,0.020427,0.000000,0.121892,0.002476,0.000775,0.104334,0.016837,0.012274,0.038899,0.000000,0.000000,0.114571,0.000000,0.000000,0.002453,0.060102,0.000000,0.001284,0.015381,0.029057,0.002644,0.001548,0.000000,0.000000,0.001690
63,0.001130,0.030299,0.006146,0.000819,0.031363,0.018974,0.000000,0.063053,0.001642,0.010495,0.022362,0.005251,0.055963,0.000000,0.058565,0.002822,0.000000,0.001818,0.001712,0.001180,0.000000,0.000000,0.023644,0.002205,0.000000,0.016257,0.018164,0.079075,0.015890,0.000000,0.069167,0.019287,0.043947,0.000000,0.001836,0.003289,0.001769,0.017092,0.000000,0.109518,0.049252,0.006362,0.001350,0.055354,0.001359,0.104876,0.002211,0.017286,0.027215,0.000000
64,0.073428,0.014616,0.000000,0.001050,0.000000,0.054396,0.001874,0.018838,0.001812,0.001479,0.000000,0.004782,0.001355,0.000000,0.090763,0.001373,0.000934,0.000000,0.073268,0.035238,0.011713,0.000000,0.001219,0.039591,0.002526,0.000000,0.018530,0.002294,0.000000,0.000000,0.094608,0.006417,0.001179,0.001957,0.001302,0.059355,0.117139,0.000000,0.000000,0.001759,0.056990,0.019975,0.001075,0.058415,0.010262,0.055694,0.060291,0.002507,0.000000,0.000000
65,0.053426,0.006091,0.003126,0.039857,0.000000,0.000000,0.002483,0.002274,0.037799,0.000000,0.002682,0.000000,0.060752,0.003526,0.035176,0.079770,0.000000,0.001796,0.024473,0.000769,0.004955,0.000000,0.000000,0.008247,0.000000,0.000618,0.003315,0.069422,0.000000,0.000000,0.079389,0.000000,0.018745,0.052399,0.000000,0.000000,0.074222,0.030170,0.003981,0.056524,0.071746,0.001616,0.015720,0.047590,0.000000,0.001874,0.008032,0.076920,0.000000,0.020512
66,0.001328,0.018757,0.000000,0.068025,0.006922,0.010954,0.005532,0.060950,0.004980,0.000000,0.003312,0.035496,0.073497,0.000000,0.099856,0.133873,0.000873,0.000000,0.048139,0.001101,0.005695,0.000000,0.006025,0.000000,0.006753,0.021595,0.039191,0.002684,0.008069,0.000826,0.108732,0.001554,0.073274,0.000976,0.000932,0.002610,0.003147,0.010380,0.000000,0.001923,0.001676,0.016726,0.010982,0.065006,0.000000,0.001776,0.000904,0.024191,0.009996,0.000780
67,0.061320,0.008326,0.009651,0.000855,0.034954,0.038617,0.001685,0.001141,0.002491,0.002486,0.000000,0.006169,0.068444,0.002307,0.110893,0.086819,0.001266,0.003190,0.004274,0.000910,0.000818,0.000000,0.004201,0.018710,0.000000,0.007183,0.000000,0.002599,0.000000,0.021289,0.010540,0.014492,0.001799,0.000884,0.000000,0.000000,0.110801,0.000000,0.000000,0.075644,0.068321,0.016198,0.000000,0.073934,0.000677,0.040508,0.001301,0.056636,0.027670,0.000000
68,0.041229,0.000654,0.000000,0.050305,0.000000,0.000000,0.000000,0.096554,0.098253,0.001202,0.009185,0.008274,0.047264,0.003701,0.101622,0.105437,0.000000,0.009786,0.001429,0.020059,0.036874,0.000000,0.003235,0.018193,0.011927,0.018022,0.000784,0.000770,0.002589,0.001851,0.086170,0.006711,0.001106,0.061827,0.002671,0.000708,0.001935,0.000000,0.000000,0.001430,0.001518,0.000000,0.000000,0.057750,0.000000,0.045274,0.031468,0.000000,0.012234,0.000000
69,0.065284,0.000000,0.010275,0.001511,0.012725,0.001273,0.003154,0.003404,0.120694,0.008430,0.000000,0.000000,0.015391,0.002117,0.001523,0.078794,0.000894,0.000000,0.001483,0.001211,0.026177,0.000000,0.000000,0.000000,0.012284,0.000000,0.000000,0.089806,0.000000,0.000000,0.003073,0.000000,0.001335,0.059064,0.003462,0.000000,0.113419,0.000000,0.000771,0.022404,0.092313,0.015698,0.017729,0.095974,0.000746,0.001475,0.074511,0.002094,0.008316,0.031186
70,0.046227,0.000000,0.000747,0.041357,0.000000,0.006400,0.007885,0.107564,0.042732,0.000000,0.008552,0.015902,0.065792,0.005128,0.061686,0.071454,0.001934,0.002906,0.001274,0.001160,0.000000,0.000000,0.000000,0.020637,0.000000,0.000611,0.000000,0.012899,0.007099,0.000000,0.086823,0.000000,0.048656,0.055672,0.004413,0.021680,0.003318,0.014187,0.000000,0.078277,0.046679,0.000000,0.013951,0.000950,0.000961,0.002304,0.045450,0.001531,0.013850,0.031352
71,0.026176,0.000000,0.000000,0.045310,0.015792,0.008443,0.003163,0.001208,0.060494,0.000000,0.000000,0.002460,0.049289,0.004540,0.066471,0.054993,0.000000,0.000000,0.032705,0.033289,0.008924,0.000000,0.000000,0.000638,0.003270,0.004789,0.014664,0.071596,0.000000,0.000000,0.012485,0.000000,0.021932,0.026892,0.000000,0.012547,0.087954,0.003898,0.000000,0.082962,0.056917,0.006856,0.000000,0.060827,0.028793,0.051660,0.001607,0.002329,0.000000,0.034127
72,0.004194,0.004160,0.000000,0.000626,0.012323,0.030078,0.000000,0.000986,0.000880,0.004420,0.000000,0.000000,0.048650,0.004605,0.002653,0.066944,0.000000,0.002020,0.078540,0.000602,0.005031,0.000835,0.000000,0.000605,0.026102,0.000000,0.027871,0.072901,0.000000,0.002280,0.095556,0.009933,0.038090,0.049946,0.000000,0.042102,0.080825,0.001418,0.001011,0.064856,0.090640,0.019232,0.004716,0.001460,0.043903,0.053355,0.000970,0.001890,0.002791,0.000000
73,0.053835,0.014996,0.002496,0.001629,0.003199,0.000000,0.002214,0.042038,0.056746,0.000799,0.000000,0.000000,0.074319,0.000000,0.002086,0.002850,0.000000,0.000000,0.001193,0.001152,0.003537,0.000000,0.000000,0.028782,0.000952,0.009463,0.001348,0.033031,0.000000,0.000000,0.103089,0.000000,0.080672,0.060002,0.018194,0.000000,0.002311,0.003378,0.000000,0.075405,0.021194,0.003350,0.018011,0.050597,0.001141,0.074732,0.082024,0.043479,0.025755,0.000000
74,0.000000,0.016510,0.000000,0.000000,0.005235,0.000000,0.005326,0.062186,0.088612,0.000000,0.000000,0.000000,0.051758,0.001566,0.021071,0.072775,0.000000,0.000000,0.063547,0.000588,0.008854,0.000000,0.000000,0.032052,0.022364,0.018490,0.000961,0.055174,0.014124,0.014770,0.080951,0.003513,0.000550,0.055254,0.002509,0.000618,0.002358,0.001651,0.000000,0.062623,0.001525,0.009540,0.012950,0.040043,0.014881,0.052129,0.047713,0.023141,0.002064,0.030026
75,0.025746,0.025445,0.000000,0.006953,0.000702,0.007524,0.000954,0.003411,0.083211,0.007480,0.000000,0.000000,0.001264,0.002306,0.058751,0.066616,0.002609,0.000000,0.001131,0.000835,0.005241,0.001598,0.000000,0.010278,0.000000,0.000000,0.000760,0.076329,0.017174,0.000000,0.091097,0.002727,0.059682,0.054731,0.000990,0.007579,0.002522,0.012261,0.000000,0.098998,0.075774,0.000000,0.000790,0.055487,0.001018,0.084485,0.036597,0.001753,0.007194,0.000000
76,0.002492,0.023639,0.003676,0.052894,0.019115,0.000000,0.000000,0.058517,0.002198,0.000000,0.008566,0.008744,0.060698,0.002736,0.046535,0.001085,0.000000,0.000000,0.079442,0.001809,0.000000,0.000000,0.000000,0.017323,0.000000,0.023296,0.000000,0.041870,0.001602,0.001767,0.003253,0.001007,0.058056,0.001875,0.000834,0.020375,0.002262,0.000000,0.001310,0.101520,0.073710,0.000000,0.005615,0.055779,0.021658,0.112411,0.014024,0.036680,0.005164,0.026462
77,0.033570,0.000590,0.000799,0.049391,0.000000,0.000740,0.007901,0.148271,0.005207,0.000000,0.000000,0.000000,0.001026,0.011078,0.086458,0.002043,0.003097,0.000000,0.056131,0.004435,0.026791,0.000000,0.023213,0.012369,0.011240,0.000000,0.011138,0.002244,0.012788,0.000000,0.003152,0.011162,0.001565,0.100346,0.014035,0.002435,0.069778,0.007687,0.000000,0.042991,0.073875,0.006137,0.000000,0.001286,0.002398,0.131107,0.006062,0.001781,0.013685,0.000000
78,0.055643,0.010709,0.003896,0.001142,0.000836,0.008040,0.000764,0.063122,0.003585,0.000000,0.000000,0.006763,0.099468,0.012299,0.002694,0.075319,0.000000,0.002508,0.014963,0.054842,0.026513,0.000000,0.001994,0.006739,0.004425,0.005614,0.006553,0.026894,0.001100,0.004959,0.117316,0.003337,0.002426,0.078997,0.000000,0.000000,0.002688,0.004963,0.000000,0.101648,0.001411,0.007569,0.018768,0.038257,0.010315,0.002385,0.001774,0.087888,0.017935,0.000940
79,0.049646,0.000767,0.002313,0.058973,0.006326,0.005120,0.000000,0.011319,0.004995,0.001462,0.000000,0.008716,0.080406,0.001885,0.082314,0.112523,0.000000,0.005238,0.047343,0.059240,0.001297,0.000000,0.001788,0.000000,0.020254,0.009387,0.000000,0.016754,0.000000,0.019192,0.064343,0.000000,0.023949,0.071796,0.000000,0.000000,0.008557,0.013102,0.002157,0.085874,0.001301,0.000000,0.000736,0.005191,0.000000,0.002264,0.000000,0.084197,0.029275,0.000000
80,0.045574,0.013552,0.004940,0.035187,0.004853,0.017961,0.003413,0.037837,0.096082,0.003396,0.000000,0.000000,0.070956,0.000000,0.037401,0.109531,0.000000,0.000000,0.001464,0.034360,0.004488,0.000000,0.000000,0.008807,0.003023,0.000000,0.003251,0.002426,0.000000,0.000873,0.097587,0.004131,0.066035,0.001746,0.000000,0.002279,0.002608,0.004919,0.000000,0.000864,0.001829,0.009275,0.014023,0.035503,0.000000,0.091360,0.001001,0.076587,0.049675,0.001205
81,0.009806,0.028000,0.007901,0.001211,0.000000,0.007170,0.000000,0.103886,0.002243,0.022482,0.000000,0.013676,0.001713,0.000000,0.059454,0.002730,0.000694,0.000000,0.031513,0.072508,0.031869,0.000000,0.000000,0.009332,0.008856,0.012933,0.003656,0.059794,0.018395,0.000000,0.002477,0.000000,0.054186,0.036013,0.000000,0.001464,0.120226,0.000000,0.000000,0.113088,0.002079,0.000000,0.007416,0.049997,0.000000,0.000850,0.057536,0.002747,0.027571,0.014527
82,0.000000,0.000000,0.000000,0.042531,0.000000,0.001901,0.000000,0.003982,0.092790,0.000000,0.000000,0.008999,0.001594,0.001850,0.101306,0.060307,0.000000,0.000000,0.060698,0.019560,0.000000,0.000000,0.001890,0.000709,0.000988,0.001012,0.000000,0.057187,0.001042,0.004701,0.084461,0.007036,0.043394,0.058791,0.000000,0.000000,0.092061,0.000000,0.000000,0.001830,0.104128,0.000000,0.006437,0.031851,0.000000,0.002261,0.080368,0.022006,0.001190,0.001140
83,0.000000,0.021604,0.001057,0.086577,0.000000,0.000000,0.000000,0.003365,0.074775,0.007309,0.006185,0.006245,0.068711,0.000000,0.119268,0.003101,0.001955,0.000000,0.011542,0.098519,0.000000,0.000000,0.002601,0.046602,0.004481,0.018945,0.004019,0.084319,0.000000,0.000000,0.002524,0.025235,0.010019,0.001384,0.001963,0.000000,0.001898,0.005583,0.000000,0.061010,0.003641,0.000000,0.024261,0.046419,0.006812,0.002542,0.082455,0.002871,0.050205,0.000000
84,0.057121,0.005117,0.000000,0.043489,0.005623,0.020957,0.007163,0.001748,0.001629,0.000000,0.000000,0.000000,0.001271,0.000000,0.001983,0.002897,0.000000,0.000000,0.076146,0.031099,0.013399,0.000000,0.000000,0.009841,0.004799,0.001267,0.034260,0.094987,0.000611,0.005077,0.001793,0.000000,0.046845,0.002005,0.000000,0.014182,0.072966,0.011646,0.000000,0.051857,0.087542,0.000000,0.000000,0.034987,0.033127,0.094483,0.053680,0.048561,0.000000,0.025839
85,0.053975,0.000591,0.003285,0.030147,0.000000,0.019929,0.000640,0.095875,0.035223,0.000000,0.000000,0.001155,0.042626,0.000000,0.002350,0.078966,0.000000,0.000000,0.024168,0.049744,0.000667,0.000000,0.000000,0.039031,0.004854,0.019544,0.012002,0.032272,0.000000,0.002298,0.048956,0.000000,0.037909,0.027495,0.000719,0.000000,0.002962,0.001827,0.001360,0.004338,0.001341,0.009762,0.012633,0.045210,0.003498,0.078796,0.086252,0.087601,0.000000,0.000000
86,0.056810,0.021283,0.001067,0.039014,0.000000,0.000000,0.000000,0.116805,0.067753,0.007959,0.010290,0.000749,0.001010,0.000000,0.000903,0.002585,0.000000,0.000000,0.043062,0.001422,0.019344,0.000000,0.000000,0.024261,0.000796,0.003812,0.003004,0.001294,0.000000,0.000000,0.001606,0.006919,0.042387,0.024747,0.000000,0.000000,0.001856,0.020515,0.000000,0.057404,0.094809,0.004905,0.016715,0.053930,0.002284,0.097448,0.001062,0.124966,0.025226,0.000000
87,0.059397,0.023138,0.005667,0.046663,0.011389,0.000000,0.026508,0.017694,0.002375,0.015153,0.007812,0.012127,0.002559,0.006065,0.174672,0.057294,0.000000,0.001480,0.000971,0.002509,0.049527,0.000000,0.005998,0.011149,0.000000,0.025227,0.000841,0.120861,0.008146,0.000000,0.179253,0.000000,0.001808,0.000940,0.000000,0.000000,0.002621,0.000000,0.000000,0.003041,0.004161,0.008365,0.010574,0.002154,0.017945,0.069857,0.002040,0.002016,0.000000,0.000000
88,0.001361,0.004341,0.000000,0.000972,0.003397,0.000768,0.008471,0.029936,0.094737,0.006378,0.011951,0.000000,0.048170,0.004121,0.078816,0.002522,0.000000,0.000000,0.021338,0.048310,0.020345,0.000000,0.000000,0.023788,0.002890,0.000000,0.016216,0.083123,0.002899,0.008012,0.002825,0.000000,0.073210,0.001920,0.001868,0.000000,0.094377,0.007356,0.000000,0.047561,0.055109,0.000000,0.014799,0.051462,0.020510,0.070642,0.032210,0.001483,0.000000,0.001806
89,0.037961,0.000664,0.000000,0.035629,0.006761,0.001828,0.000000,0.067359,0.001007,0.000000,0.003420,0.004728,0.011954,0.003152,0.001169,0.051362,0.000000,0.000000,0.048395,0.042158,0.002226,0.000000,0.000598,0.000000,0.000714,0.008399,0.019388,0.093761,0.000000,0.000842,0.108556,0.010376,0.016756,0.000782,0.001625,0.011281,0.066579,0.000000,0.002140,0.072842,0.061913,0.010003,0.000000,0.001248,0.048417,0.002096,0.058122,0.082342,0.000861,0.000587
90,0.002159,0.015925,0.000000,0.000607,0.007983,0.009755,0.013517,0.000000,0.074381,0.000000,0.000000,0.017242,0.001038,0.005406,0.095054,0.044708,0.001487,0.000000,0.000600,0.063433,0.000000,0.000000,0.000000,0.000897,0.002269,0.007402,0.022767,0.058455,0.004068,0.001468,0.074509,0.010189,0.001604,0.053124,0.001244,0.000000,0.091096,0.000000,0.000000,0.071864,0.071156,0.000000,0.000666,0.030646,0.025212,0.037211,0.059063,0.011492,0.007529,0.002774
91,0.076650,0.019418,0.000000,0.051120,0.000000,0.000000,0.000000,0.001857,0.089913,0.013066,0.026115,0.000000,0.001636,0.000000,0.001573,0.095501,0.000000,0.000000,0.003152,0.020207,0.024037,0.000000,0.001822,0.000000,0.003482,0.013475,0.031657,0.103774,0.003362,0.003035,0.108129,0.011123,0.024159,0.000000,0.000000,0.000000,0.098226,0.000000,0.000676,0.001970,0.002999,0.010459,0.013373,0.039801,0.000000,0.002060,0.001649,0.080038,0.000000,0.020483
92,0.053415,0.000000,0.005455,0.024709,0.012650,0.000000,0.001267,0.001216,0.002117,0.000748,0.000000,0.000670,0.001199,0.004136,0.001849,0.080296,0.000000,0.002093,0.075285,0.000000,0.000000,0.002491,0.000000,0.005202,0.001196,0.005177,0.014810,0.000751,0.000000,0.004895,0.092357,0.000000,0.085070,0.074411,0.000000,0.000000,0.088288,0.003401,0.000000,0.001893,0.044314,0.007328,0.006553,0.000829,0.001266,0.104291,0.096934,0.079468,0.000000,0.011972
93,0.049219,0.000788,0.000000,0.041184,0.000000,0.000000,0.001302,0.024328,0.047085,0.003722,0.026121,0.000000,0.047203,0.000000,0.086848,0.002538,0.000717,0.000000,0.002668,0.001127,0.020803,0.000000,0.000000,0.009309,0.000000,0.013345,0.024502,0.061044,0.000000,0.000000,0.005680,0.002074,0.061346,0.027582,0.009541,0.023888,0.112227,0.010103,0.000000,0.001894,0.081084,0.007216,0.003305,0.058762,0.009261,0.004192,0.075008,0.030216,0.000000,0.012770
94,0.001676,0.045714,0.011435,0.019718,0.008729,0.000000,0.003248,0.067091,0.129448,0.000000,0.000000,0.000000,0.002177,0.009112,0.091739,0.002323,0.001119,0.006783,0.077957,0.099631,0.000000,0.000000,0.009928,0.000000,0.000000,0.022444,0.000000,0.002310,0.000000,0.010793,0.083465,0.015433,0.001613,0.047263,0.003489,0.000000,0.003932,0.000000,0.000000,0.084710,0.006014,0.000000,0.000000,0.001940,0.025933,0.002253,0.096739,0.001982,0.000000,0.001857
95,0.013061,0.016054,0.002696,0.043045,0.000000,0.005963,0.000000,0.001332,0.137607,0.023095,0.008966,0.000000,0.080216,0.007238,0.001926,0.005669,0.000000,0.000000,0.003631,0.001516,0.004268,0.000000,0.000000,0.041558,0.000000,0.002683,0.001550,0.122326,0.000886,0.013083,0.004119,0.001987,0.055849,0.002119,0.000000,0.018899,0.004295,0.010532,0.000000,0.034165,0.127909,0.000000,0.000000,0.059679,0.023164,0.114560,0.001035,0.001607,0.001712,0.000000
96,0.051880,0.000807,0.007570,0.016337,0.000000,0.022789,0.021832,0.001948,0.098135,0.000000,0.001382,0.000000,0.049876,0.003626,0.087958,0.002847,0.000000,0.002184,0.001452,0.043948,0.000000,0.000000,0.000000,0.000914,0.000910,0.000919,0.042327,0.067120,0.019084,0.000000,0.101230,0.001830,0.001940,0.001088,0.000816,0.000752,0.101270,0.003256,0.014586,0.049246,0.002560,0.007494,0.015323,0.023149,0.004530,0.004353,0.117074,0.000000,0.000000,0.003658
97,0.002096,0.000000,0.000000,0.001090,0.000000,0.017488,0.000000,0.000000,0.088286,0.014448,0.040861,0.000926,0.056857,0.000000,0.002132,0.085450,0.000000,0.000000,0.006166,0.025469,0.001288,0.000000,0.000000,0.038870,0.010294,0.000877,0.019879,0.006475,0.000000,0.000000,0.004234,0.000994,0.023779,0.048292,0.001363,0.000000,0.010496,0.015500,0.000000,0.068193,0.074459,0.000000,0.045568,0.004725,0.020276,0.150478,0.001523,0.086864,0.000000,0.024305
98,0.043796,0.017154,0.006814,0.000906,0.015536,0.019886,0.000000,0.100200,0.001166,0.000693,0.004469,0.020467,0.077306,0.003859,0.043375,0.084470,0.000000,0.000000,0.044315,0.060232,0.018961,0.000000,0.000000,0.000000,0.001500,0.016235,0.012264,0.005029,0.011251,0.012425,0.078877,0.001431,0.000810,0.035960,0.000000,0.000000,0.108249,0.007269,0.000000,0.105318,0.001674,0.000000,0.000000,0.018915,0.000638,0.001299,0.011962,0.000000,0.005288,0.000000
99,0.044827,0.000000,0.000000,0.034844,0.000000,0.001851,0.006427,0.073018,0.124687,0.000000,0.002403,0.003887,0.001625,0.000000,0.001571,0.149947,0.001445,0.000000,0.001348,0.025096,0.016649,0.000000,0.000000,0.000000,0.000000,0.000000,0.016803,0.001859,0.008746,0.000000,0.125488,0.000941,0.027210,0.000775,0.000000,0.003837,0.001906,0.000000,0.000000,0.003599,0.068130,0.000000,0.000000,0.055132,0.013586,0.062399,0.101716,0.002810,0.000000,0.015437
